<?xml version="1.0" encoding="UTF-8"?>
<project-private xmlns="http://www.netbeans.org/ns/project-private/1">
    <editor-bookmarks xmlns="http://www.netbeans.org/ns/editor-bookmarks/2" lastBookmarkId="0"/>
    <open-files xmlns="http://www.netbeans.org/ns/projectui-open-files/2">
        <group>
            <file>file:/C:/Users/baohc/Desktop/CSD/lab/lab3/lab3-CSD/src/lab3/sum.java</file>
            <file>file:/C:/Users/baohc/Desktop/CSD/lab/lab3/lab3-CSD/src/lab3/searchTarget.java</file>
            <file>file:/C:/Users/baohc/Desktop/CSD/lab/lab3/lab3-CSD/src/lab3/funtion10.java</file>
            <file>file:/C:/Users/baohc/Desktop/CSD/lab/lab3/lab3-CSD/src/lab3/GCD.java</file>
            <file>file:/C:/Users/baohc/Desktop/CSD/lab/lab3/lab3-CSD/src/lab3/MinArray.java</file>
            <file>file:/C:/Users/baohc/Desktop/CSD/lab/lab3/lab3-CSD/src/lab3/palindrome.java</file>
            <file>file:/C:/Users/baohc/Desktop/CSD/lab/lab3/lab3-CSD/src/lab3/factorial.java</file>
            <file>file:/C:/Users/baohc/Desktop/CSD/lab/lab3/lab3-CSD/src/lab3/Node.java</file>
            <file>file:/C:/Users/baohc/Desktop/CSD/lab/lab3/lab3-CSD/src/lab3/power.java</file>
            <file>file:/C:/Users/baohc/Desktop/CSD/lab/lab3/lab3-CSD/src/lab3/Fibonacci.java</file>
            <file>file:/C:/Users/baohc/Desktop/CSD/lab/lab3/lab3-CSD/src/lab3/HeightTree.java</file>
            <file>file:/C:/Users/baohc/Desktop/CSD/lab/lab3/lab3-CSD/src/lab3/sumArray.java</file>
        </group>
    </open-files>
</project-private>
