<?xml version="1.0" encoding="UTF-8"?>
<project-private xmlns="http://www.netbeans.org/ns/project-private/1">
    <editor-bookmarks xmlns="http://www.netbeans.org/ns/editor-bookmarks/2" lastBookmarkId="0"/>
    <open-files xmlns="http://www.netbeans.org/ns/projectui-open-files/2">
        <group>
            <file>file:/C:/Users/baohc/Desktop/CSD/lab/Lab2/Q5_lab2/src/q5_lab2/Students.java</file>
            <file>file:/C:/Users/baohc/Desktop/CSD/lab/Lab2/Q5_lab2/src/q5_lab2/Main.java</file>
            <file>file:/C:/Users/baohc/Desktop/CSD/lab/Lab2/Q5_lab2/src/q5_lab2/MyStack.java</file>
            <file>file:/C:/Users/baohc/Desktop/CSD/lab/Lab2/Q5_lab2/src/q5_lab2/MyQueue.java</file>
        </group>
    </open-files>
</project-private>
